ProductKey,ProductName,Category,Storage,Color
1,AirPods (2nd Gen),AirPods,No Storage,Midnight
2,AirPods (2nd Gen),AirPods,No Storage,Sky
3,AirPods (2nd Gen),AirPods,No Storage,Starlight
4,AirPods (2nd Gen),AirPods,No Storage,White
5,AirPods (3rd Gen),AirPods,No Storage,Midnight
6,AirPods (3rd Gen),AirPods,No Storage,Sky
7,AirPods (3rd Gen),AirPods,No Storage,Starlight
8,AirPods (3rd Gen),AirPods,No Storage,White
9,AirPods Max,AirPods,No Storage,Midnight
10,AirPods Max,AirPods,No Storage,Sky
11,AirPods Max,AirPods,No Storage,Starlight
12,AirPods Max,AirPods,No Storage,White
13,AirPods Pro (2nd Gen),AirPods,No Storage,Midnight
14,AirPods Pro (2nd Gen),AirPods,No Storage,Sky
15,AirPods Pro (2nd Gen),AirPods,No Storage,Starlight
16,AirPods Pro (2nd Gen),AirPods,No Storage,White
17,Apple Pencil (1st Gen),Accessories,No Storage,Black
18,Apple Pencil (1st Gen),Accessories,No Storage,Silver
19,Apple Pencil (1st Gen),Accessories,No Storage,Space Gray
20,Apple Pencil (1st Gen),Accessories,No Storage,White
21,Apple Pencil (2nd Gen),Accessories,No Storage,Black
22,Apple Pencil (2nd Gen),Accessories,No Storage,Silver
23,Apple Pencil (2nd Gen),Accessories,No Storage,Space Gray
24,Apple Pencil (2nd Gen),Accessories,No Storage,White
25,Apple TV 4K (3rd Gen),Accessories,No Storage,Black
26,Apple TV 4K (3rd Gen),Accessories,No Storage,Silver
27,Apple TV 4K (3rd Gen),Accessories,No Storage,Space Gray
28,Apple TV 4K (3rd Gen),Accessories,No Storage,White
29,Apple Watch SE (2nd Gen),Apple Watch,No Storage,Black Titanium
30,Apple Watch SE (2nd Gen),Apple Watch,No Storage,Midnight
31,Apple Watch SE (2nd Gen),Apple Watch,No Storage,Natural
32,Apple Watch SE (2nd Gen),Apple Watch,No Storage,Product Red
33,Apple Watch SE (2nd Gen),Apple Watch,No Storage,Silver
34,Apple Watch SE (2nd Gen),Apple Watch,No Storage,Starlight
35,Apple Watch SE (2nd Gen),Apple Watch,No Storage,Titanium
36,Apple Watch SE (2nd Gen),Apple Watch,No Storage,Yellow
37,Apple Watch Series 8,Apple Watch,No Storage,Black Titanium
38,Apple Watch Series 8,Apple Watch,No Storage,Midnight
39,Apple Watch Series 8,Apple Watch,No Storage,Natural
40,Apple Watch Series 8,Apple Watch,No Storage,Product Red
41,Apple Watch Series 8,Apple Watch,No Storage,Silver
42,Apple Watch Series 8,Apple Watch,No Storage,Starlight
43,Apple Watch Series 8,Apple Watch,No Storage,Titanium
44,Apple Watch Series 8,Apple Watch,No Storage,Yellow
45,Apple Watch Series 9,Apple Watch,No Storage,Black Titanium
46,Apple Watch Series 9,Apple Watch,No Storage,Midnight
47,Apple Watch Series 9,Apple Watch,No Storage,Natural
48,Apple Watch Series 9,Apple Watch,No Storage,Product Red
49,Apple Watch Series 9,Apple Watch,No Storage,Silver
50,Apple Watch Series 9,Apple Watch,No Storage,Starlight
51,Apple Watch Series 9,Apple Watch,No Storage,Titanium
52,Apple Watch Series 9,Apple Watch,No Storage,Yellow
53,Apple Watch Ultra 2,Apple Watch,No Storage,Black Titanium
54,Apple Watch Ultra 2,Apple Watch,No Storage,Midnight
55,Apple Watch Ultra 2,Apple Watch,No Storage,Natural
56,Apple Watch Ultra 2,Apple Watch,No Storage,Product Red
57,Apple Watch Ultra 2,Apple Watch,No Storage,Silver
58,Apple Watch Ultra 2,Apple Watch,No Storage,Starlight
59,Apple Watch Ultra 2,Apple Watch,No Storage,Titanium
60,Apple Watch Ultra 2,Apple Watch,No Storage,Yellow
61,HomePod (2nd Gen),Accessories,No Storage,Black
62,HomePod (2nd Gen),Accessories,No Storage,Silver
63,HomePod (2nd Gen),Accessories,No Storage,Space Gray
64,HomePod (2nd Gen),Accessories,No Storage,White
65,HomePod mini,Accessories,No Storage,Black
66,HomePod mini,Accessories,No Storage,Silver
67,HomePod mini,Accessories,No Storage,Space Gray
68,HomePod mini,Accessories,No Storage,White
69,iMac 24-inch (M3),Mac,1 TB SSD,Gold
70,iMac 24-inch (M3),Mac,1 TB SSD,Midnight
71,iMac 24-inch (M3),Mac,1 TB SSD,Silver
72,iMac 24-inch (M3),Mac,1 TB SSD,Space Gray
73,iMac 24-inch (M3),Mac,1 TB SSD,Starlight
74,iMac 24-inch (M3),Mac,2 TB SSD,Gold
75,iMac 24-inch (M3),Mac,2 TB SSD,Midnight
76,iMac 24-inch (M3),Mac,2 TB SSD,Silver
77,iMac 24-inch (M3),Mac,2 TB SSD,Space Gray
78,iMac 24-inch (M3),Mac,2 TB SSD,Starlight
79,iMac 24-inch (M3),Mac,256 GB SSD,Gold
80,iMac 24-inch (M3),Mac,256 GB SSD,Midnight
81,iMac 24-inch (M3),Mac,256 GB SSD,Silver
82,iMac 24-inch (M3),Mac,256 GB SSD,Space Gray
83,iMac 24-inch (M3),Mac,256 GB SSD,Starlight
84,iMac 24-inch (M3),Mac,512 GB SSD,Gold
85,iMac 24-inch (M3),Mac,512 GB SSD,Midnight
86,iMac 24-inch (M3),Mac,512 GB SSD,Silver
87,iMac 24-inch (M3),Mac,512 GB SSD,Space Gray
88,iMac 24-inch (M3),Mac,512 GB SSD,Starlight
89,iPad (10th Generation),iPad,1 TB,Blue
90,iPad (10th Generation),iPad,1 TB,Gold
91,iPad (10th Generation),iPad,1 TB,Purple
92,iPad (10th Generation),iPad,1 TB,Silver
93,iPad (10th Generation),iPad,1 TB,Space Gray
94,iPad (10th Generation),iPad,1 TB,Starlight
95,iPad (10th Generation),iPad,128 GB,Blue
96,iPad (10th Generation),iPad,128 GB,Gold
97,iPad (10th Generation),iPad,128 GB,Purple
98,iPad (10th Generation),iPad,128 GB,Silver
99,iPad (10th Generation),iPad,128 GB,Space Gray
100,iPad (10th Generation),iPad,128 GB,Starlight
101,iPad (10th Generation),iPad,2 TB,Blue
102,iPad (10th Generation),iPad,2 TB,Gold
103,iPad (10th Generation),iPad,2 TB,Purple
104,iPad (10th Generation),iPad,2 TB,Silver
105,iPad (10th Generation),iPad,2 TB,Space Gray
106,iPad (10th Generation),iPad,2 TB,Starlight
107,iPad (10th Generation),iPad,256 GB,Blue
108,iPad (10th Generation),iPad,256 GB,Gold
109,iPad (10th Generation),iPad,256 GB,Purple
110,iPad (10th Generation),iPad,256 GB,Silver
111,iPad (10th Generation),iPad,256 GB,Space Gray
112,iPad (10th Generation),iPad,256 GB,Starlight
113,iPad (10th Generation),iPad,512 GB,Blue
114,iPad (10th Generation),iPad,512 GB,Gold
115,iPad (10th Generation),iPad,512 GB,Purple
116,iPad (10th Generation),iPad,512 GB,Silver
117,iPad (10th Generation),iPad,512 GB,Space Gray
118,iPad (10th Generation),iPad,512 GB,Starlight
119,iPad (10th Generation),iPad,64 GB,Blue
120,iPad (10th Generation),iPad,64 GB,Gold
121,iPad (10th Generation),iPad,64 GB,Purple
122,iPad (10th Generation),iPad,64 GB,Silver
123,iPad (10th Generation),iPad,64 GB,Space Gray
124,iPad (10th Generation),iPad,64 GB,Starlight
125,iPad Air (M1),iPad,1 TB,Blue
126,iPad Air (M1),iPad,1 TB,Gold
127,iPad Air (M1),iPad,1 TB,Purple
128,iPad Air (M1),iPad,1 TB,Silver
129,iPad Air (M1),iPad,1 TB,Space Gray
130,iPad Air (M1),iPad,1 TB,Starlight
131,iPad Air (M1),iPad,128 GB,Blue
132,iPad Air (M1),iPad,128 GB,Gold
133,iPad Air (M1),iPad,128 GB,Purple
134,iPad Air (M1),iPad,128 GB,Silver
135,iPad Air (M1),iPad,128 GB,Space Gray
136,iPad Air (M1),iPad,128 GB,Starlight
137,iPad Air (M1),iPad,2 TB,Blue
138,iPad Air (M1),iPad,2 TB,Gold
139,iPad Air (M1),iPad,2 TB,Purple
140,iPad Air (M1),iPad,2 TB,Silver
141,iPad Air (M1),iPad,2 TB,Space Gray
142,iPad Air (M1),iPad,2 TB,Starlight
143,iPad Air (M1),iPad,256 GB,Blue
144,iPad Air (M1),iPad,256 GB,Gold
145,iPad Air (M1),iPad,256 GB,Purple
146,iPad Air (M1),iPad,256 GB,Silver
147,iPad Air (M1),iPad,256 GB,Space Gray
148,iPad Air (M1),iPad,256 GB,Starlight
149,iPad Air (M1),iPad,512 GB,Blue
150,iPad Air (M1),iPad,512 GB,Gold
151,iPad Air (M1),iPad,512 GB,Purple
152,iPad Air (M1),iPad,512 GB,Silver
153,iPad Air (M1),iPad,512 GB,Space Gray
154,iPad Air (M1),iPad,512 GB,Starlight
155,iPad Air (M1),iPad,64 GB,Blue
156,iPad Air (M1),iPad,64 GB,Gold
157,iPad Air (M1),iPad,64 GB,Purple
158,iPad Air (M1),iPad,64 GB,Silver
159,iPad Air (M1),iPad,64 GB,Space Gray
160,iPad Air (M1),iPad,64 GB,Starlight
161,iPad Mini (6th Gen),iPad,1 TB,Blue
162,iPad Mini (6th Gen),iPad,1 TB,Gold
163,iPad Mini (6th Gen),iPad,1 TB,Purple
164,iPad Mini (6th Gen),iPad,1 TB,Silver
165,iPad Mini (6th Gen),iPad,1 TB,Space Gray
166,iPad Mini (6th Gen),iPad,1 TB,Starlight
167,iPad Mini (6th Gen),iPad,128 GB,Blue
168,iPad Mini (6th Gen),iPad,128 GB,Gold
169,iPad Mini (6th Gen),iPad,128 GB,Purple
170,iPad Mini (6th Gen),iPad,128 GB,Silver
171,iPad Mini (6th Gen),iPad,128 GB,Space Gray
172,iPad Mini (6th Gen),iPad,128 GB,Starlight
173,iPad Mini (6th Gen),iPad,2 TB,Blue
174,iPad Mini (6th Gen),iPad,2 TB,Gold
175,iPad Mini (6th Gen),iPad,2 TB,Purple
176,iPad Mini (6th Gen),iPad,2 TB,Silver
177,iPad Mini (6th Gen),iPad,2 TB,Space Gray
178,iPad Mini (6th Gen),iPad,2 TB,Starlight
179,iPad Mini (6th Gen),iPad,256 GB,Blue
180,iPad Mini (6th Gen),iPad,256 GB,Gold
181,iPad Mini (6th Gen),iPad,256 GB,Purple
182,iPad Mini (6th Gen),iPad,256 GB,Silver
183,iPad Mini (6th Gen),iPad,256 GB,Space Gray
184,iPad Mini (6th Gen),iPad,256 GB,Starlight
185,iPad Mini (6th Gen),iPad,512 GB,Blue
186,iPad Mini (6th Gen),iPad,512 GB,Gold
187,iPad Mini (6th Gen),iPad,512 GB,Purple
188,iPad Mini (6th Gen),iPad,512 GB,Silver
189,iPad Mini (6th Gen),iPad,512 GB,Space Gray
190,iPad Mini (6th Gen),iPad,512 GB,Starlight
191,iPad Mini (6th Gen),iPad,64 GB,Blue
192,iPad Mini (6th Gen),iPad,64 GB,Gold
193,iPad Mini (6th Gen),iPad,64 GB,Purple
194,iPad Mini (6th Gen),iPad,64 GB,Silver
195,iPad Mini (6th Gen),iPad,64 GB,Space Gray
196,iPad Mini (6th Gen),iPad,64 GB,Starlight
197,iPad Pro 11-inch (M2),iPad,1 TB,Blue
198,iPad Pro 11-inch (M2),iPad,1 TB,Gold
199,iPad Pro 11-inch (M2),iPad,1 TB,Purple
200,iPad Pro 11-inch (M2),iPad,1 TB,Silver
201,iPad Pro 11-inch (M2),iPad,1 TB,Space Gray
202,iPad Pro 11-inch (M2),iPad,1 TB,Starlight
203,iPad Pro 11-inch (M2),iPad,128 GB,Blue
204,iPad Pro 11-inch (M2),iPad,128 GB,Gold
205,iPad Pro 11-inch (M2),iPad,128 GB,Purple
206,iPad Pro 11-inch (M2),iPad,128 GB,Silver
207,iPad Pro 11-inch (M2),iPad,128 GB,Space Gray
208,iPad Pro 11-inch (M2),iPad,128 GB,Starlight
209,iPad Pro 11-inch (M2),iPad,2 TB,Blue
210,iPad Pro 11-inch (M2),iPad,2 TB,Gold
211,iPad Pro 11-inch (M2),iPad,2 TB,Purple
212,iPad Pro 11-inch (M2),iPad,2 TB,Silver
213,iPad Pro 11-inch (M2),iPad,2 TB,Space Gray
214,iPad Pro 11-inch (M2),iPad,2 TB,Starlight
215,iPad Pro 11-inch (M2),iPad,256 GB,Blue
216,iPad Pro 11-inch (M2),iPad,256 GB,Gold
217,iPad Pro 11-inch (M2),iPad,256 GB,Purple
218,iPad Pro 11-inch (M2),iPad,256 GB,Silver
219,iPad Pro 11-inch (M2),iPad,256 GB,Space Gray
220,iPad Pro 11-inch (M2),iPad,256 GB,Starlight
221,iPad Pro 11-inch (M2),iPad,512 GB,Blue
222,iPad Pro 11-inch (M2),iPad,512 GB,Gold
223,iPad Pro 11-inch (M2),iPad,512 GB,Purple
224,iPad Pro 11-inch (M2),iPad,512 GB,Silver
225,iPad Pro 11-inch (M2),iPad,512 GB,Space Gray
226,iPad Pro 11-inch (M2),iPad,512 GB,Starlight
227,iPad Pro 11-inch (M2),iPad,64 GB,Blue
228,iPad Pro 11-inch (M2),iPad,64 GB,Gold
229,iPad Pro 11-inch (M2),iPad,64 GB,Purple
230,iPad Pro 11-inch (M2),iPad,64 GB,Silver
231,iPad Pro 11-inch (M2),iPad,64 GB,Space Gray
232,iPad Pro 11-inch (M2),iPad,64 GB,Starlight
233,iPad Pro 12.9-inch (M2),iPad,1 TB,Blue
234,iPad Pro 12.9-inch (M2),iPad,1 TB,Gold
235,iPad Pro 12.9-inch (M2),iPad,1 TB,Purple
236,iPad Pro 12.9-inch (M2),iPad,1 TB,Silver
237,iPad Pro 12.9-inch (M2),iPad,1 TB,Space Gray
238,iPad Pro 12.9-inch (M2),iPad,1 TB,Starlight
239,iPad Pro 12.9-inch (M2),iPad,128 GB,Blue
240,iPad Pro 12.9-inch (M2),iPad,128 GB,Gold
241,iPad Pro 12.9-inch (M2),iPad,128 GB,Purple
242,iPad Pro 12.9-inch (M2),iPad,128 GB,Silver
243,iPad Pro 12.9-inch (M2),iPad,128 GB,Space Gray
244,iPad Pro 12.9-inch (M2),iPad,128 GB,Starlight
245,iPad Pro 12.9-inch (M2),iPad,2 TB,Blue
246,iPad Pro 12.9-inch (M2),iPad,2 TB,Gold
247,iPad Pro 12.9-inch (M2),iPad,2 TB,Purple
248,iPad Pro 12.9-inch (M2),iPad,2 TB,Silver
249,iPad Pro 12.9-inch (M2),iPad,2 TB,Space Gray
250,iPad Pro 12.9-inch (M2),iPad,2 TB,Starlight
251,iPad Pro 12.9-inch (M2),iPad,256 GB,Blue
252,iPad Pro 12.9-inch (M2),iPad,256 GB,Gold
253,iPad Pro 12.9-inch (M2),iPad,256 GB,Purple
254,iPad Pro 12.9-inch (M2),iPad,256 GB,Silver
255,iPad Pro 12.9-inch (M2),iPad,256 GB,Space Gray
256,iPad Pro 12.9-inch (M2),iPad,256 GB,Starlight
257,iPad Pro 12.9-inch (M2),iPad,512 GB,Blue
258,iPad Pro 12.9-inch (M2),iPad,512 GB,Gold
259,iPad Pro 12.9-inch (M2),iPad,512 GB,Purple
260,iPad Pro 12.9-inch (M2),iPad,512 GB,Silver
261,iPad Pro 12.9-inch (M2),iPad,512 GB,Space Gray
262,iPad Pro 12.9-inch (M2),iPad,512 GB,Starlight
263,iPad Pro 12.9-inch (M2),iPad,64 GB,Blue
264,iPad Pro 12.9-inch (M2),iPad,64 GB,Gold
265,iPad Pro 12.9-inch (M2),iPad,64 GB,Purple
266,iPad Pro 12.9-inch (M2),iPad,64 GB,Silver
267,iPad Pro 12.9-inch (M2),iPad,64 GB,Space Gray
268,iPad Pro 12.9-inch (M2),iPad,64 GB,Starlight
269,iPhone 13,iPhone,1 TB,Black
270,iPhone 13,iPhone,1 TB,Black Titanium
271,iPhone 13,iPhone,1 TB,Blue Titanium
272,iPhone 13,iPhone,1 TB,Deep Purple
273,iPhone 13,iPhone,1 TB,Green
274,iPhone 13,iPhone,1 TB,Midnight
275,iPhone 13,iPhone,1 TB,Natural Titanium
276,iPhone 13,iPhone,1 TB,Product Red
277,iPhone 13,iPhone,1 TB,Silver
278,iPhone 13,iPhone,1 TB,Starlight
279,iPhone 13,iPhone,1 TB,White Titanium
280,iPhone 13,iPhone,1 TB,Yellow
281,iPhone 13,iPhone,128 GB,Black
282,iPhone 13,iPhone,128 GB,Black Titanium
283,iPhone 13,iPhone,128 GB,Blue Titanium
284,iPhone 13,iPhone,128 GB,Deep Purple
285,iPhone 13,iPhone,128 GB,Green
286,iPhone 13,iPhone,128 GB,Midnight
287,iPhone 13,iPhone,128 GB,Natural Titanium
288,iPhone 13,iPhone,128 GB,Product Red
289,iPhone 13,iPhone,128 GB,Silver
290,iPhone 13,iPhone,128 GB,Starlight
291,iPhone 13,iPhone,128 GB,White Titanium
292,iPhone 13,iPhone,128 GB,Yellow
293,iPhone 13,iPhone,256 GB,Black
294,iPhone 13,iPhone,256 GB,Black Titanium
295,iPhone 13,iPhone,256 GB,Blue Titanium
296,iPhone 13,iPhone,256 GB,Deep Purple
297,iPhone 13,iPhone,256 GB,Green
298,iPhone 13,iPhone,256 GB,Midnight
299,iPhone 13,iPhone,256 GB,Natural Titanium
300,iPhone 13,iPhone,256 GB,Product Red
301,iPhone 13,iPhone,256 GB,Silver
302,iPhone 13,iPhone,256 GB,Starlight
303,iPhone 13,iPhone,256 GB,White Titanium
304,iPhone 13,iPhone,256 GB,Yellow
305,iPhone 13,iPhone,512 GB,Black
306,iPhone 13,iPhone,512 GB,Black Titanium
307,iPhone 13,iPhone,512 GB,Blue Titanium
308,iPhone 13,iPhone,512 GB,Deep Purple
309,iPhone 13,iPhone,512 GB,Green
310,iPhone 13,iPhone,512 GB,Midnight
311,iPhone 13,iPhone,512 GB,Natural Titanium
312,iPhone 13,iPhone,512 GB,Product Red
313,iPhone 13,iPhone,512 GB,Silver
314,iPhone 13,iPhone,512 GB,Starlight
315,iPhone 13,iPhone,512 GB,White Titanium
316,iPhone 13,iPhone,512 GB,Yellow
317,iPhone 13,iPhone,64 GB,Black
318,iPhone 13,iPhone,64 GB,Black Titanium
319,iPhone 13,iPhone,64 GB,Blue Titanium
320,iPhone 13,iPhone,64 GB,Deep Purple
321,iPhone 13,iPhone,64 GB,Green
322,iPhone 13,iPhone,64 GB,Midnight
323,iPhone 13,iPhone,64 GB,Natural Titanium
324,iPhone 13,iPhone,64 GB,Product Red
325,iPhone 13,iPhone,64 GB,Silver
326,iPhone 13,iPhone,64 GB,Starlight
327,iPhone 13,iPhone,64 GB,White Titanium
328,iPhone 13,iPhone,64 GB,Yellow
329,iPhone 13 Mini,iPhone,1 TB,Black
330,iPhone 13 Mini,iPhone,1 TB,Black Titanium
331,iPhone 13 Mini,iPhone,1 TB,Blue Titanium
332,iPhone 13 Mini,iPhone,1 TB,Deep Purple
333,iPhone 13 Mini,iPhone,1 TB,Green
334,iPhone 13 Mini,iPhone,1 TB,Midnight
335,iPhone 13 Mini,iPhone,1 TB,Natural Titanium
336,iPhone 13 Mini,iPhone,1 TB,Product Red
337,iPhone 13 Mini,iPhone,1 TB,Silver
338,iPhone 13 Mini,iPhone,1 TB,Starlight
339,iPhone 13 Mini,iPhone,1 TB,White Titanium
340,iPhone 13 Mini,iPhone,1 TB,Yellow
341,iPhone 13 Mini,iPhone,128 GB,Black
342,iPhone 13 Mini,iPhone,128 GB,Black Titanium
343,iPhone 13 Mini,iPhone,128 GB,Blue Titanium
344,iPhone 13 Mini,iPhone,128 GB,Deep Purple
345,iPhone 13 Mini,iPhone,128 GB,Green
346,iPhone 13 Mini,iPhone,128 GB,Midnight
347,iPhone 13 Mini,iPhone,128 GB,Natural Titanium
348,iPhone 13 Mini,iPhone,128 GB,Product Red
349,iPhone 13 Mini,iPhone,128 GB,Silver
350,iPhone 13 Mini,iPhone,128 GB,Starlight
351,iPhone 13 Mini,iPhone,128 GB,White Titanium
352,iPhone 13 Mini,iPhone,128 GB,Yellow
353,iPhone 13 Mini,iPhone,256 GB,Black
354,iPhone 13 Mini,iPhone,256 GB,Black Titanium
355,iPhone 13 Mini,iPhone,256 GB,Blue Titanium
356,iPhone 13 Mini,iPhone,256 GB,Deep Purple
357,iPhone 13 Mini,iPhone,256 GB,Green
358,iPhone 13 Mini,iPhone,256 GB,Midnight
359,iPhone 13 Mini,iPhone,256 GB,Natural Titanium
360,iPhone 13 Mini,iPhone,256 GB,Product Red
361,iPhone 13 Mini,iPhone,256 GB,Silver
362,iPhone 13 Mini,iPhone,256 GB,Starlight
363,iPhone 13 Mini,iPhone,256 GB,White Titanium
364,iPhone 13 Mini,iPhone,256 GB,Yellow
365,iPhone 13 Mini,iPhone,512 GB,Black
366,iPhone 13 Mini,iPhone,512 GB,Black Titanium
367,iPhone 13 Mini,iPhone,512 GB,Blue Titanium
368,iPhone 13 Mini,iPhone,512 GB,Deep Purple
369,iPhone 13 Mini,iPhone,512 GB,Green
370,iPhone 13 Mini,iPhone,512 GB,Midnight
371,iPhone 13 Mini,iPhone,512 GB,Natural Titanium
372,iPhone 13 Mini,iPhone,512 GB,Product Red
373,iPhone 13 Mini,iPhone,512 GB,Silver
374,iPhone 13 Mini,iPhone,512 GB,Starlight
375,iPhone 13 Mini,iPhone,512 GB,White Titanium
376,iPhone 13 Mini,iPhone,512 GB,Yellow
377,iPhone 13 Mini,iPhone,64 GB,Black
378,iPhone 13 Mini,iPhone,64 GB,Black Titanium
379,iPhone 13 Mini,iPhone,64 GB,Blue Titanium
380,iPhone 13 Mini,iPhone,64 GB,Deep Purple
381,iPhone 13 Mini,iPhone,64 GB,Green
382,iPhone 13 Mini,iPhone,64 GB,Midnight
383,iPhone 13 Mini,iPhone,64 GB,Natural Titanium
384,iPhone 13 Mini,iPhone,64 GB,Product Red
385,iPhone 13 Mini,iPhone,64 GB,Silver
386,iPhone 13 Mini,iPhone,64 GB,Starlight
387,iPhone 13 Mini,iPhone,64 GB,White Titanium
388,iPhone 13 Mini,iPhone,64 GB,Yellow
389,iPhone 13 Pro,iPhone,1 TB,Black
390,iPhone 13 Pro,iPhone,1 TB,Blue Titanium
391,iPhone 13 Pro,iPhone,1 TB,Deep Purple
392,iPhone 13 Pro,iPhone,1 TB,Green
393,iPhone 13 Pro,iPhone,1 TB,Midnight
394,iPhone 13 Pro,iPhone,1 TB,Natural Titanium
395,iPhone 13 Pro,iPhone,1 TB,Product Red
396,iPhone 13 Pro,iPhone,1 TB,Silver
397,iPhone 13 Pro,iPhone,1 TB,Starlight
398,iPhone 13 Pro,iPhone,1 TB,White Titanium
399,iPhone 13 Pro,iPhone,1 TB,Yellow
400,iPhone 13 Pro,iPhone,128 GB,Black
401,iPhone 13 Pro,iPhone,128 GB,Black Titanium
402,iPhone 13 Pro,iPhone,128 GB,Blue Titanium
403,iPhone 13 Pro,iPhone,128 GB,Deep Purple
404,iPhone 13 Pro,iPhone,128 GB,Green
405,iPhone 13 Pro,iPhone,128 GB,Midnight
406,iPhone 13 Pro,iPhone,128 GB,Natural Titanium
407,iPhone 13 Pro,iPhone,128 GB,Product Red
408,iPhone 13 Pro,iPhone,128 GB,Silver
409,iPhone 13 Pro,iPhone,128 GB,Starlight
410,iPhone 13 Pro,iPhone,128 GB,White Titanium
411,iPhone 13 Pro,iPhone,128 GB,Yellow
412,iPhone 13 Pro,iPhone,256 GB,Black
413,iPhone 13 Pro,iPhone,256 GB,Black Titanium
414,iPhone 13 Pro,iPhone,256 GB,Blue Titanium
415,iPhone 13 Pro,iPhone,256 GB,Deep Purple
416,iPhone 13 Pro,iPhone,256 GB,Green
417,iPhone 13 Pro,iPhone,256 GB,Midnight
418,iPhone 13 Pro,iPhone,256 GB,Natural Titanium
419,iPhone 13 Pro,iPhone,256 GB,Product Red
420,iPhone 13 Pro,iPhone,256 GB,Silver
421,iPhone 13 Pro,iPhone,256 GB,Starlight
422,iPhone 13 Pro,iPhone,256 GB,White Titanium
423,iPhone 13 Pro,iPhone,256 GB,Yellow
424,iPhone 13 Pro,iPhone,512 GB,Black
425,iPhone 13 Pro,iPhone,512 GB,Black Titanium
426,iPhone 13 Pro,iPhone,512 GB,Blue Titanium
427,iPhone 13 Pro,iPhone,512 GB,Green
428,iPhone 13 Pro,iPhone,512 GB,Midnight
429,iPhone 13 Pro,iPhone,512 GB,Natural Titanium
430,iPhone 13 Pro,iPhone,512 GB,Product Red
431,iPhone 13 Pro,iPhone,512 GB,Silver
432,iPhone 13 Pro,iPhone,512 GB,Starlight
433,iPhone 13 Pro,iPhone,512 GB,White Titanium
434,iPhone 13 Pro,iPhone,512 GB,Yellow
435,iPhone 13 Pro,iPhone,64 GB,Black
436,iPhone 13 Pro,iPhone,64 GB,Black Titanium
437,iPhone 13 Pro,iPhone,64 GB,Blue Titanium
438,iPhone 13 Pro,iPhone,64 GB,Deep Purple
439,iPhone 13 Pro,iPhone,64 GB,Green
440,iPhone 13 Pro,iPhone,64 GB,Midnight
441,iPhone 13 Pro,iPhone,64 GB,Natural Titanium
442,iPhone 13 Pro,iPhone,64 GB,Product Red
443,iPhone 13 Pro,iPhone,64 GB,Silver
444,iPhone 13 Pro,iPhone,64 GB,Starlight
445,iPhone 13 Pro,iPhone,64 GB,White Titanium
446,iPhone 13 Pro,iPhone,64 GB,Yellow
447,iPhone 13 Pro Max,iPhone,1 TB,Black
448,iPhone 13 Pro Max,iPhone,1 TB,Black Titanium
449,iPhone 13 Pro Max,iPhone,1 TB,Blue Titanium
450,iPhone 13 Pro Max,iPhone,1 TB,Deep Purple
451,iPhone 13 Pro Max,iPhone,1 TB,Green
452,iPhone 13 Pro Max,iPhone,1 TB,Midnight
453,iPhone 13 Pro Max,iPhone,1 TB,Natural Titanium
454,iPhone 13 Pro Max,iPhone,1 TB,Product Red
455,iPhone 13 Pro Max,iPhone,1 TB,Silver
456,iPhone 13 Pro Max,iPhone,1 TB,Starlight
457,iPhone 13 Pro Max,iPhone,1 TB,White Titanium
458,iPhone 13 Pro Max,iPhone,1 TB,Yellow
459,iPhone 13 Pro Max,iPhone,128 GB,Black
460,iPhone 13 Pro Max,iPhone,128 GB,Black Titanium
461,iPhone 13 Pro Max,iPhone,128 GB,Blue Titanium
462,iPhone 13 Pro Max,iPhone,128 GB,Deep Purple
463,iPhone 13 Pro Max,iPhone,128 GB,Green
464,iPhone 13 Pro Max,iPhone,128 GB,Midnight
465,iPhone 13 Pro Max,iPhone,128 GB,Natural Titanium
466,iPhone 13 Pro Max,iPhone,128 GB,Product Red
467,iPhone 13 Pro Max,iPhone,128 GB,Silver
468,iPhone 13 Pro Max,iPhone,128 GB,Starlight
469,iPhone 13 Pro Max,iPhone,128 GB,White Titanium
470,iPhone 13 Pro Max,iPhone,128 GB,Yellow
471,iPhone 13 Pro Max,iPhone,256 GB,Black
472,iPhone 13 Pro Max,iPhone,256 GB,Black Titanium
473,iPhone 13 Pro Max,iPhone,256 GB,Blue Titanium
474,iPhone 13 Pro Max,iPhone,256 GB,Deep Purple
475,iPhone 13 Pro Max,iPhone,256 GB,Green
476,iPhone 13 Pro Max,iPhone,256 GB,Midnight
477,iPhone 13 Pro Max,iPhone,256 GB,Natural Titanium
478,iPhone 13 Pro Max,iPhone,256 GB,Product Red
479,iPhone 13 Pro Max,iPhone,256 GB,Silver
480,iPhone 13 Pro Max,iPhone,256 GB,Starlight
481,iPhone 13 Pro Max,iPhone,256 GB,White Titanium
482,iPhone 13 Pro Max,iPhone,256 GB,Yellow
483,iPhone 13 Pro Max,iPhone,512 GB,Black
484,iPhone 13 Pro Max,iPhone,512 GB,Black Titanium
485,iPhone 13 Pro Max,iPhone,512 GB,Blue Titanium
486,iPhone 13 Pro Max,iPhone,512 GB,Deep Purple
487,iPhone 13 Pro Max,iPhone,512 GB,Green
488,iPhone 13 Pro Max,iPhone,512 GB,Midnight
489,iPhone 13 Pro Max,iPhone,512 GB,Natural Titanium
490,iPhone 13 Pro Max,iPhone,512 GB,Product Red
491,iPhone 13 Pro Max,iPhone,512 GB,Silver
492,iPhone 13 Pro Max,iPhone,512 GB,Starlight
493,iPhone 13 Pro Max,iPhone,512 GB,White Titanium
494,iPhone 13 Pro Max,iPhone,512 GB,Yellow
495,iPhone 13 Pro Max,iPhone,64 GB,Black
496,iPhone 13 Pro Max,iPhone,64 GB,Black Titanium
497,iPhone 13 Pro Max,iPhone,64 GB,Blue Titanium
498,iPhone 13 Pro Max,iPhone,64 GB,Deep Purple
499,iPhone 13 Pro Max,iPhone,64 GB,Green
500,iPhone 13 Pro Max,iPhone,64 GB,Midnight
501,iPhone 13 Pro Max,iPhone,64 GB,Natural Titanium
502,iPhone 13 Pro Max,iPhone,64 GB,Product Red
503,iPhone 13 Pro Max,iPhone,64 GB,Silver
504,iPhone 13 Pro Max,iPhone,64 GB,Starlight
505,iPhone 13 Pro Max,iPhone,64 GB,White Titanium
506,iPhone 13 Pro Max,iPhone,64 GB,Yellow
507,iPhone 14,iPhone,1 TB,Black
508,iPhone 14,iPhone,1 TB,Black Titanium
509,iPhone 14,iPhone,1 TB,Blue Titanium
510,iPhone 14,iPhone,1 TB,Deep Purple
511,iPhone 14,iPhone,1 TB,Green
512,iPhone 14,iPhone,1 TB,Midnight
513,iPhone 14,iPhone,1 TB,Natural Titanium
514,iPhone 14,iPhone,1 TB,Product Red
515,iPhone 14,iPhone,1 TB,Silver
516,iPhone 14,iPhone,1 TB,Starlight
517,iPhone 14,iPhone,1 TB,White Titanium
518,iPhone 14,iPhone,1 TB,Yellow
519,iPhone 14,iPhone,128 GB,Black
520,iPhone 14,iPhone,128 GB,Black Titanium
521,iPhone 14,iPhone,128 GB,Blue Titanium
522,iPhone 14,iPhone,128 GB,Deep Purple
523,iPhone 14,iPhone,128 GB,Green
524,iPhone 14,iPhone,128 GB,Midnight
525,iPhone 14,iPhone,128 GB,Natural Titanium
526,iPhone 14,iPhone,128 GB,Product Red
527,iPhone 14,iPhone,128 GB,Silver
528,iPhone 14,iPhone,128 GB,Starlight
529,iPhone 14,iPhone,128 GB,White Titanium
530,iPhone 14,iPhone,128 GB,Yellow
531,iPhone 14,iPhone,256 GB,Black
532,iPhone 14,iPhone,256 GB,Black Titanium
533,iPhone 14,iPhone,256 GB,Blue Titanium
534,iPhone 14,iPhone,256 GB,Deep Purple
535,iPhone 14,iPhone,256 GB,Green
536,iPhone 14,iPhone,256 GB,Midnight
537,iPhone 14,iPhone,256 GB,Natural Titanium
538,iPhone 14,iPhone,256 GB,Product Red
539,iPhone 14,iPhone,256 GB,Silver
540,iPhone 14,iPhone,256 GB,Starlight
541,iPhone 14,iPhone,256 GB,White Titanium
542,iPhone 14,iPhone,256 GB,Yellow
543,iPhone 14,iPhone,512 GB,Black
544,iPhone 14,iPhone,512 GB,Black Titanium
545,iPhone 14,iPhone,512 GB,Blue Titanium
546,iPhone 14,iPhone,512 GB,Deep Purple
547,iPhone 14,iPhone,512 GB,Green
548,iPhone 14,iPhone,512 GB,Midnight
549,iPhone 14,iPhone,512 GB,Natural Titanium
550,iPhone 14,iPhone,512 GB,Product Red
551,iPhone 14,iPhone,512 GB,Silver
552,iPhone 14,iPhone,512 GB,Starlight
553,iPhone 14,iPhone,512 GB,White Titanium
554,iPhone 14,iPhone,512 GB,Yellow
555,iPhone 14,iPhone,64 GB,Black
556,iPhone 14,iPhone,64 GB,Black Titanium
557,iPhone 14,iPhone,64 GB,Blue Titanium
558,iPhone 14,iPhone,64 GB,Deep Purple
559,iPhone 14,iPhone,64 GB,Green
560,iPhone 14,iPhone,64 GB,Midnight
561,iPhone 14,iPhone,64 GB,Natural Titanium
562,iPhone 14,iPhone,64 GB,Product Red
563,iPhone 14,iPhone,64 GB,Silver
564,iPhone 14,iPhone,64 GB,Starlight
565,iPhone 14,iPhone,64 GB,White Titanium
566,iPhone 14,iPhone,64 GB,Yellow
567,iPhone 14 Plus,iPhone,1 TB,Black
568,iPhone 14 Plus,iPhone,1 TB,Black Titanium
569,iPhone 14 Plus,iPhone,1 TB,Blue Titanium
570,iPhone 14 Plus,iPhone,1 TB,Deep Purple
571,iPhone 14 Plus,iPhone,1 TB,Green
572,iPhone 14 Plus,iPhone,1 TB,Midnight
573,iPhone 14 Plus,iPhone,1 TB,Natural Titanium
574,iPhone 14 Plus,iPhone,1 TB,Product Red
575,iPhone 14 Plus,iPhone,1 TB,Silver
576,iPhone 14 Plus,iPhone,1 TB,Starlight
577,iPhone 14 Plus,iPhone,1 TB,White Titanium
578,iPhone 14 Plus,iPhone,1 TB,Yellow
579,iPhone 14 Plus,iPhone,128 GB,Black
580,iPhone 14 Plus,iPhone,128 GB,Black Titanium
581,iPhone 14 Plus,iPhone,128 GB,Blue Titanium
582,iPhone 14 Plus,iPhone,128 GB,Deep Purple
583,iPhone 14 Plus,iPhone,128 GB,Midnight
584,iPhone 14 Plus,iPhone,128 GB,Natural Titanium
585,iPhone 14 Plus,iPhone,128 GB,Product Red
586,iPhone 14 Plus,iPhone,128 GB,Silver
587,iPhone 14 Plus,iPhone,128 GB,Starlight
588,iPhone 14 Plus,iPhone,128 GB,White Titanium
589,iPhone 14 Plus,iPhone,128 GB,Yellow
590,iPhone 14 Plus,iPhone,256 GB,Black
591,iPhone 14 Plus,iPhone,256 GB,Black Titanium
592,iPhone 14 Plus,iPhone,256 GB,Blue Titanium
593,iPhone 14 Plus,iPhone,256 GB,Deep Purple
594,iPhone 14 Plus,iPhone,256 GB,Green
595,iPhone 14 Plus,iPhone,256 GB,Midnight
596,iPhone 14 Plus,iPhone,256 GB,Natural Titanium
597,iPhone 14 Plus,iPhone,256 GB,Product Red
598,iPhone 14 Plus,iPhone,256 GB,Silver
599,iPhone 14 Plus,iPhone,256 GB,Starlight
600,iPhone 14 Plus,iPhone,256 GB,White Titanium
601,iPhone 14 Plus,iPhone,256 GB,Yellow
602,iPhone 14 Plus,iPhone,512 GB,Black
603,iPhone 14 Plus,iPhone,512 GB,Black Titanium
604,iPhone 14 Plus,iPhone,512 GB,Blue Titanium
605,iPhone 14 Plus,iPhone,512 GB,Deep Purple
606,iPhone 14 Plus,iPhone,512 GB,Green
607,iPhone 14 Plus,iPhone,512 GB,Midnight
608,iPhone 14 Plus,iPhone,512 GB,Natural Titanium
609,iPhone 14 Plus,iPhone,512 GB,Product Red
610,iPhone 14 Plus,iPhone,512 GB,Silver
611,iPhone 14 Plus,iPhone,512 GB,Starlight
612,iPhone 14 Plus,iPhone,512 GB,White Titanium
613,iPhone 14 Plus,iPhone,512 GB,Yellow
614,iPhone 14 Plus,iPhone,64 GB,Black
615,iPhone 14 Plus,iPhone,64 GB,Black Titanium
616,iPhone 14 Plus,iPhone,64 GB,Blue Titanium
617,iPhone 14 Plus,iPhone,64 GB,Deep Purple
618,iPhone 14 Plus,iPhone,64 GB,Green
619,iPhone 14 Plus,iPhone,64 GB,Midnight
620,iPhone 14 Plus,iPhone,64 GB,Natural Titanium
621,iPhone 14 Plus,iPhone,64 GB,Product Red
622,iPhone 14 Plus,iPhone,64 GB,Silver
623,iPhone 14 Plus,iPhone,64 GB,Starlight
624,iPhone 14 Plus,iPhone,64 GB,White Titanium
625,iPhone 14 Plus,iPhone,64 GB,Yellow
626,iPhone 14 Pro,iPhone,1 TB,Black
627,iPhone 14 Pro,iPhone,1 TB,Black Titanium
628,iPhone 14 Pro,iPhone,1 TB,Blue Titanium
629,iPhone 14 Pro,iPhone,1 TB,Deep Purple
630,iPhone 14 Pro,iPhone,1 TB,Green
631,iPhone 14 Pro,iPhone,1 TB,Midnight
632,iPhone 14 Pro,iPhone,1 TB,Natural Titanium
633,iPhone 14 Pro,iPhone,1 TB,Product Red
634,iPhone 14 Pro,iPhone,1 TB,Silver
635,iPhone 14 Pro,iPhone,1 TB,Starlight
636,iPhone 14 Pro,iPhone,1 TB,White Titanium
637,iPhone 14 Pro,iPhone,1 TB,Yellow
638,iPhone 14 Pro,iPhone,128 GB,Black
639,iPhone 14 Pro,iPhone,128 GB,Black Titanium
640,iPhone 14 Pro,iPhone,128 GB,Blue Titanium
641,iPhone 14 Pro,iPhone,128 GB,Deep Purple
642,iPhone 14 Pro,iPhone,128 GB,Green
643,iPhone 14 Pro,iPhone,128 GB,Midnight
644,iPhone 14 Pro,iPhone,128 GB,Natural Titanium
645,iPhone 14 Pro,iPhone,128 GB,Product Red
646,iPhone 14 Pro,iPhone,128 GB,Silver
647,iPhone 14 Pro,iPhone,128 GB,Starlight
648,iPhone 14 Pro,iPhone,128 GB,White Titanium
649,iPhone 14 Pro,iPhone,128 GB,Yellow
650,iPhone 14 Pro,iPhone,256 GB,Black
651,iPhone 14 Pro,iPhone,256 GB,Black Titanium
652,iPhone 14 Pro,iPhone,256 GB,Blue Titanium
653,iPhone 14 Pro,iPhone,256 GB,Deep Purple
654,iPhone 14 Pro,iPhone,256 GB,Green
655,iPhone 14 Pro,iPhone,256 GB,Midnight
656,iPhone 14 Pro,iPhone,256 GB,Natural Titanium
657,iPhone 14 Pro,iPhone,256 GB,Silver
658,iPhone 14 Pro,iPhone,256 GB,Starlight
659,iPhone 14 Pro,iPhone,256 GB,White Titanium
660,iPhone 14 Pro,iPhone,256 GB,Yellow
661,iPhone 14 Pro,iPhone,512 GB,Black
662,iPhone 14 Pro,iPhone,512 GB,Black Titanium
663,iPhone 14 Pro,iPhone,512 GB,Blue Titanium
664,iPhone 14 Pro,iPhone,512 GB,Deep Purple
665,iPhone 14 Pro,iPhone,512 GB,Green
666,iPhone 14 Pro,iPhone,512 GB,Midnight
667,iPhone 14 Pro,iPhone,512 GB,Natural Titanium
668,iPhone 14 Pro,iPhone,512 GB,Product Red
669,iPhone 14 Pro,iPhone,512 GB,Silver
670,iPhone 14 Pro,iPhone,512 GB,Starlight
671,iPhone 14 Pro,iPhone,512 GB,White Titanium
672,iPhone 14 Pro,iPhone,512 GB,Yellow
673,iPhone 14 Pro,iPhone,64 GB,Black
674,iPhone 14 Pro,iPhone,64 GB,Black Titanium
675,iPhone 14 Pro,iPhone,64 GB,Blue Titanium
676,iPhone 14 Pro,iPhone,64 GB,Deep Purple
677,iPhone 14 Pro,iPhone,64 GB,Green
678,iPhone 14 Pro,iPhone,64 GB,Midnight
679,iPhone 14 Pro,iPhone,64 GB,Natural Titanium
680,iPhone 14 Pro,iPhone,64 GB,Product Red
681,iPhone 14 Pro,iPhone,64 GB,Silver
682,iPhone 14 Pro,iPhone,64 GB,Starlight
683,iPhone 14 Pro,iPhone,64 GB,White Titanium
684,iPhone 14 Pro,iPhone,64 GB,Yellow
685,iPhone 14 Pro Max,iPhone,1 TB,Black
686,iPhone 14 Pro Max,iPhone,1 TB,Black Titanium
687,iPhone 14 Pro Max,iPhone,1 TB,Blue Titanium
688,iPhone 14 Pro Max,iPhone,1 TB,Deep Purple
689,iPhone 14 Pro Max,iPhone,1 TB,Green
690,iPhone 14 Pro Max,iPhone,1 TB,Midnight
691,iPhone 14 Pro Max,iPhone,1 TB,Natural Titanium
692,iPhone 14 Pro Max,iPhone,1 TB,Product Red
693,iPhone 14 Pro Max,iPhone,1 TB,Silver
694,iPhone 14 Pro Max,iPhone,1 TB,Starlight
695,iPhone 14 Pro Max,iPhone,1 TB,White Titanium
696,iPhone 14 Pro Max,iPhone,1 TB,Yellow
697,iPhone 14 Pro Max,iPhone,128 GB,Black
698,iPhone 14 Pro Max,iPhone,128 GB,Black Titanium
699,iPhone 14 Pro Max,iPhone,128 GB,Blue Titanium
700,iPhone 14 Pro Max,iPhone,128 GB,Deep Purple
701,iPhone 14 Pro Max,iPhone,128 GB,Green
702,iPhone 14 Pro Max,iPhone,128 GB,Midnight
703,iPhone 14 Pro Max,iPhone,128 GB,Natural Titanium
704,iPhone 14 Pro Max,iPhone,128 GB,Product Red
705,iPhone 14 Pro Max,iPhone,128 GB,Silver
706,iPhone 14 Pro Max,iPhone,128 GB,Starlight
707,iPhone 14 Pro Max,iPhone,128 GB,White Titanium
708,iPhone 14 Pro Max,iPhone,128 GB,Yellow
709,iPhone 14 Pro Max,iPhone,256 GB,Black
710,iPhone 14 Pro Max,iPhone,256 GB,Black Titanium
711,iPhone 14 Pro Max,iPhone,256 GB,Deep Purple
712,iPhone 14 Pro Max,iPhone,256 GB,Green
713,iPhone 14 Pro Max,iPhone,256 GB,Midnight
714,iPhone 14 Pro Max,iPhone,256 GB,Natural Titanium
715,iPhone 14 Pro Max,iPhone,256 GB,Product Red
716,iPhone 14 Pro Max,iPhone,256 GB,Silver
717,iPhone 14 Pro Max,iPhone,256 GB,Starlight
718,iPhone 14 Pro Max,iPhone,256 GB,White Titanium
719,iPhone 14 Pro Max,iPhone,256 GB,Yellow
720,iPhone 14 Pro Max,iPhone,512 GB,Black
721,iPhone 14 Pro Max,iPhone,512 GB,Black Titanium
722,iPhone 14 Pro Max,iPhone,512 GB,Blue Titanium
723,iPhone 14 Pro Max,iPhone,512 GB,Deep Purple
724,iPhone 14 Pro Max,iPhone,512 GB,Green
725,iPhone 14 Pro Max,iPhone,512 GB,Midnight
726,iPhone 14 Pro Max,iPhone,512 GB,Natural Titanium
727,iPhone 14 Pro Max,iPhone,512 GB,Product Red
728,iPhone 14 Pro Max,iPhone,512 GB,Silver
729,iPhone 14 Pro Max,iPhone,512 GB,Starlight
730,iPhone 14 Pro Max,iPhone,512 GB,White Titanium
731,iPhone 14 Pro Max,iPhone,512 GB,Yellow
732,iPhone 14 Pro Max,iPhone,64 GB,Black
733,iPhone 14 Pro Max,iPhone,64 GB,Black Titanium
734,iPhone 14 Pro Max,iPhone,64 GB,Blue Titanium
735,iPhone 14 Pro Max,iPhone,64 GB,Deep Purple
736,iPhone 14 Pro Max,iPhone,64 GB,Green
737,iPhone 14 Pro Max,iPhone,64 GB,Midnight
738,iPhone 14 Pro Max,iPhone,64 GB,Natural Titanium
739,iPhone 14 Pro Max,iPhone,64 GB,Product Red
740,iPhone 14 Pro Max,iPhone,64 GB,Silver
741,iPhone 14 Pro Max,iPhone,64 GB,Starlight
742,iPhone 14 Pro Max,iPhone,64 GB,White Titanium
743,iPhone 14 Pro Max,iPhone,64 GB,Yellow
744,iPhone 15,iPhone,1 TB,Black
745,iPhone 15,iPhone,1 TB,Black Titanium
746,iPhone 15,iPhone,1 TB,Blue Titanium
747,iPhone 15,iPhone,1 TB,Deep Purple
748,iPhone 15,iPhone,1 TB,Green
749,iPhone 15,iPhone,1 TB,Midnight
750,iPhone 15,iPhone,1 TB,Natural Titanium
751,iPhone 15,iPhone,1 TB,Product Red
752,iPhone 15,iPhone,1 TB,Silver
753,iPhone 15,iPhone,1 TB,Starlight
754,iPhone 15,iPhone,1 TB,White Titanium
755,iPhone 15,iPhone,1 TB,Yellow
756,iPhone 15,iPhone,128 GB,Black
757,iPhone 15,iPhone,128 GB,Black Titanium
758,iPhone 15,iPhone,128 GB,Blue Titanium
759,iPhone 15,iPhone,128 GB,Deep Purple
760,iPhone 15,iPhone,128 GB,Green
761,iPhone 15,iPhone,128 GB,Midnight
762,iPhone 15,iPhone,128 GB,Natural Titanium
763,iPhone 15,iPhone,128 GB,Product Red
764,iPhone 15,iPhone,128 GB,Silver
765,iPhone 15,iPhone,128 GB,Starlight
766,iPhone 15,iPhone,128 GB,White Titanium
767,iPhone 15,iPhone,128 GB,Yellow
768,iPhone 15,iPhone,256 GB,Black
769,iPhone 15,iPhone,256 GB,Black Titanium
770,iPhone 15,iPhone,256 GB,Blue Titanium
771,iPhone 15,iPhone,256 GB,Deep Purple
772,iPhone 15,iPhone,256 GB,Green
773,iPhone 15,iPhone,256 GB,Midnight
774,iPhone 15,iPhone,256 GB,Natural Titanium
775,iPhone 15,iPhone,256 GB,Product Red
776,iPhone 15,iPhone,256 GB,Silver
777,iPhone 15,iPhone,256 GB,Starlight
778,iPhone 15,iPhone,256 GB,White Titanium
779,iPhone 15,iPhone,256 GB,Yellow
780,iPhone 15,iPhone,512 GB,Black
781,iPhone 15,iPhone,512 GB,Black Titanium
782,iPhone 15,iPhone,512 GB,Blue Titanium
783,iPhone 15,iPhone,512 GB,Deep Purple
784,iPhone 15,iPhone,512 GB,Green
785,iPhone 15,iPhone,512 GB,Midnight
786,iPhone 15,iPhone,512 GB,Natural Titanium
787,iPhone 15,iPhone,512 GB,Product Red
788,iPhone 15,iPhone,512 GB,Silver
789,iPhone 15,iPhone,512 GB,Starlight
790,iPhone 15,iPhone,512 GB,White Titanium
791,iPhone 15,iPhone,512 GB,Yellow
792,iPhone 15,iPhone,64 GB,Black
793,iPhone 15,iPhone,64 GB,Black Titanium
794,iPhone 15,iPhone,64 GB,Blue Titanium
795,iPhone 15,iPhone,64 GB,Deep Purple
796,iPhone 15,iPhone,64 GB,Midnight
797,iPhone 15,iPhone,64 GB,Natural Titanium
798,iPhone 15,iPhone,64 GB,Product Red
799,iPhone 15,iPhone,64 GB,Silver
800,iPhone 15,iPhone,64 GB,Starlight
801,iPhone 15,iPhone,64 GB,White Titanium
802,iPhone 15,iPhone,64 GB,Yellow
803,iPhone 15 Plus,iPhone,1 TB,Black
804,iPhone 15 Plus,iPhone,1 TB,Black Titanium
805,iPhone 15 Plus,iPhone,1 TB,Blue Titanium
806,iPhone 15 Plus,iPhone,1 TB,Deep Purple
807,iPhone 15 Plus,iPhone,1 TB,Green
808,iPhone 15 Plus,iPhone,1 TB,Midnight
809,iPhone 15 Plus,iPhone,1 TB,Natural Titanium
810,iPhone 15 Plus,iPhone,1 TB,Product Red
811,iPhone 15 Plus,iPhone,1 TB,Silver
812,iPhone 15 Plus,iPhone,1 TB,Starlight
813,iPhone 15 Plus,iPhone,1 TB,White Titanium
814,iPhone 15 Plus,iPhone,1 TB,Yellow
815,iPhone 15 Plus,iPhone,128 GB,Black
816,iPhone 15 Plus,iPhone,128 GB,Black Titanium
817,iPhone 15 Plus,iPhone,128 GB,Blue Titanium
818,iPhone 15 Plus,iPhone,128 GB,Deep Purple
819,iPhone 15 Plus,iPhone,128 GB,Green
820,iPhone 15 Plus,iPhone,128 GB,Midnight
821,iPhone 15 Plus,iPhone,128 GB,Natural Titanium
822,iPhone 15 Plus,iPhone,128 GB,Product Red
823,iPhone 15 Plus,iPhone,128 GB,Silver
824,iPhone 15 Plus,iPhone,128 GB,Starlight
825,iPhone 15 Plus,iPhone,128 GB,White Titanium
826,iPhone 15 Plus,iPhone,128 GB,Yellow
827,iPhone 15 Plus,iPhone,256 GB,Black
828,iPhone 15 Plus,iPhone,256 GB,Black Titanium
829,iPhone 15 Plus,iPhone,256 GB,Blue Titanium
830,iPhone 15 Plus,iPhone,256 GB,Deep Purple
831,iPhone 15 Plus,iPhone,256 GB,Green
832,iPhone 15 Plus,iPhone,256 GB,Midnight
833,iPhone 15 Plus,iPhone,256 GB,Natural Titanium
834,iPhone 15 Plus,iPhone,256 GB,Product Red
835,iPhone 15 Plus,iPhone,256 GB,Silver
836,iPhone 15 Plus,iPhone,256 GB,Starlight
837,iPhone 15 Plus,iPhone,256 GB,White Titanium
838,iPhone 15 Plus,iPhone,256 GB,Yellow
839,iPhone 15 Plus,iPhone,512 GB,Black
840,iPhone 15 Plus,iPhone,512 GB,Black Titanium
841,iPhone 15 Plus,iPhone,512 GB,Blue Titanium
842,iPhone 15 Plus,iPhone,512 GB,Deep Purple
843,iPhone 15 Plus,iPhone,512 GB,Green
844,iPhone 15 Plus,iPhone,512 GB,Midnight
845,iPhone 15 Plus,iPhone,512 GB,Natural Titanium
846,iPhone 15 Plus,iPhone,512 GB,Product Red
847,iPhone 15 Plus,iPhone,512 GB,Silver
848,iPhone 15 Plus,iPhone,512 GB,Starlight
849,iPhone 15 Plus,iPhone,512 GB,White Titanium
850,iPhone 15 Plus,iPhone,512 GB,Yellow
851,iPhone 15 Plus,iPhone,64 GB,Black
852,iPhone 15 Plus,iPhone,64 GB,Black Titanium
853,iPhone 15 Plus,iPhone,64 GB,Blue Titanium
854,iPhone 15 Plus,iPhone,64 GB,Deep Purple
855,iPhone 15 Plus,iPhone,64 GB,Green
856,iPhone 15 Plus,iPhone,64 GB,Natural Titanium
857,iPhone 15 Plus,iPhone,64 GB,Product Red
858,iPhone 15 Plus,iPhone,64 GB,Silver
859,iPhone 15 Plus,iPhone,64 GB,Starlight
860,iPhone 15 Plus,iPhone,64 GB,White Titanium
861,iPhone 15 Plus,iPhone,64 GB,Yellow
862,iPhone 15 Pro,iPhone,1 TB,Black
863,iPhone 15 Pro,iPhone,1 TB,Black Titanium
864,iPhone 15 Pro,iPhone,1 TB,Deep Purple
865,iPhone 15 Pro,iPhone,1 TB,Green
866,iPhone 15 Pro,iPhone,1 TB,Midnight
867,iPhone 15 Pro,iPhone,1 TB,Natural Titanium
868,iPhone 15 Pro,iPhone,1 TB,Product Red
869,iPhone 15 Pro,iPhone,1 TB,Silver
870,iPhone 15 Pro,iPhone,1 TB,Starlight
871,iPhone 15 Pro,iPhone,1 TB,White Titanium
872,iPhone 15 Pro,iPhone,1 TB,Yellow
873,iPhone 15 Pro,iPhone,128 GB,Black
874,iPhone 15 Pro,iPhone,128 GB,Black Titanium
875,iPhone 15 Pro,iPhone,128 GB,Blue Titanium
876,iPhone 15 Pro,iPhone,128 GB,Deep Purple
877,iPhone 15 Pro,iPhone,128 GB,Green
878,iPhone 15 Pro,iPhone,128 GB,Midnight
879,iPhone 15 Pro,iPhone,128 GB,Natural Titanium
880,iPhone 15 Pro,iPhone,128 GB,Product Red
881,iPhone 15 Pro,iPhone,128 GB,Silver
882,iPhone 15 Pro,iPhone,128 GB,Starlight
883,iPhone 15 Pro,iPhone,128 GB,White Titanium
884,iPhone 15 Pro,iPhone,128 GB,Yellow
885,iPhone 15 Pro,iPhone,256 GB,Black
886,iPhone 15 Pro,iPhone,256 GB,Black Titanium
887,iPhone 15 Pro,iPhone,256 GB,Blue Titanium
888,iPhone 15 Pro,iPhone,256 GB,Deep Purple
889,iPhone 15 Pro,iPhone,256 GB,Green
890,iPhone 15 Pro,iPhone,256 GB,Midnight
891,iPhone 15 Pro,iPhone,256 GB,Natural Titanium
892,iPhone 15 Pro,iPhone,256 GB,Product Red
893,iPhone 15 Pro,iPhone,256 GB,Silver
894,iPhone 15 Pro,iPhone,256 GB,Starlight
895,iPhone 15 Pro,iPhone,256 GB,White Titanium
896,iPhone 15 Pro,iPhone,256 GB,Yellow
897,iPhone 15 Pro,iPhone,512 GB,Black
898,iPhone 15 Pro,iPhone,512 GB,Black Titanium
899,iPhone 15 Pro,iPhone,512 GB,Blue Titanium
900,iPhone 15 Pro,iPhone,512 GB,Deep Purple
901,iPhone 15 Pro,iPhone,512 GB,Green
902,iPhone 15 Pro,iPhone,512 GB,Midnight
903,iPhone 15 Pro,iPhone,512 GB,Natural Titanium
904,iPhone 15 Pro,iPhone,512 GB,Product Red
905,iPhone 15 Pro,iPhone,512 GB,Silver
906,iPhone 15 Pro,iPhone,512 GB,Starlight
907,iPhone 15 Pro,iPhone,512 GB,White Titanium
908,iPhone 15 Pro,iPhone,512 GB,Yellow
909,iPhone 15 Pro,iPhone,64 GB,Black
910,iPhone 15 Pro,iPhone,64 GB,Black Titanium
911,iPhone 15 Pro,iPhone,64 GB,Blue Titanium
912,iPhone 15 Pro,iPhone,64 GB,Deep Purple
913,iPhone 15 Pro,iPhone,64 GB,Green
914,iPhone 15 Pro,iPhone,64 GB,Midnight
915,iPhone 15 Pro,iPhone,64 GB,Natural Titanium
916,iPhone 15 Pro,iPhone,64 GB,Product Red
917,iPhone 15 Pro,iPhone,64 GB,Silver
918,iPhone 15 Pro,iPhone,64 GB,Starlight
919,iPhone 15 Pro,iPhone,64 GB,White Titanium
920,iPhone 15 Pro,iPhone,64 GB,Yellow
921,iPhone 15 Pro Max,iPhone,1 TB,Black
922,iPhone 15 Pro Max,iPhone,1 TB,Black Titanium
923,iPhone 15 Pro Max,iPhone,1 TB,Blue Titanium
924,iPhone 15 Pro Max,iPhone,1 TB,Deep Purple
925,iPhone 15 Pro Max,iPhone,1 TB,Green
926,iPhone 15 Pro Max,iPhone,1 TB,Midnight
927,iPhone 15 Pro Max,iPhone,1 TB,Natural Titanium
928,iPhone 15 Pro Max,iPhone,1 TB,Product Red
929,iPhone 15 Pro Max,iPhone,1 TB,Silver
930,iPhone 15 Pro Max,iPhone,1 TB,Starlight
931,iPhone 15 Pro Max,iPhone,1 TB,White Titanium
932,iPhone 15 Pro Max,iPhone,1 TB,Yellow
933,iPhone 15 Pro Max,iPhone,128 GB,Black
934,iPhone 15 Pro Max,iPhone,128 GB,Black Titanium
935,iPhone 15 Pro Max,iPhone,128 GB,Blue Titanium
936,iPhone 15 Pro Max,iPhone,128 GB,Deep Purple
937,iPhone 15 Pro Max,iPhone,128 GB,Green
938,iPhone 15 Pro Max,iPhone,128 GB,Midnight
939,iPhone 15 Pro Max,iPhone,128 GB,Natural Titanium
940,iPhone 15 Pro Max,iPhone,128 GB,Product Red
941,iPhone 15 Pro Max,iPhone,128 GB,Silver
942,iPhone 15 Pro Max,iPhone,128 GB,Starlight
943,iPhone 15 Pro Max,iPhone,128 GB,White Titanium
944,iPhone 15 Pro Max,iPhone,128 GB,Yellow
945,iPhone 15 Pro Max,iPhone,256 GB,Black
946,iPhone 15 Pro Max,iPhone,256 GB,Black Titanium
947,iPhone 15 Pro Max,iPhone,256 GB,Blue Titanium
948,iPhone 15 Pro Max,iPhone,256 GB,Deep Purple
949,iPhone 15 Pro Max,iPhone,256 GB,Green
950,iPhone 15 Pro Max,iPhone,256 GB,Midnight
951,iPhone 15 Pro Max,iPhone,256 GB,Natural Titanium
952,iPhone 15 Pro Max,iPhone,256 GB,Product Red
953,iPhone 15 Pro Max,iPhone,256 GB,Silver
954,iPhone 15 Pro Max,iPhone,256 GB,Starlight
955,iPhone 15 Pro Max,iPhone,256 GB,White Titanium
956,iPhone 15 Pro Max,iPhone,256 GB,Yellow
957,iPhone 15 Pro Max,iPhone,512 GB,Black
958,iPhone 15 Pro Max,iPhone,512 GB,Black Titanium
959,iPhone 15 Pro Max,iPhone,512 GB,Blue Titanium
960,iPhone 15 Pro Max,iPhone,512 GB,Deep Purple
961,iPhone 15 Pro Max,iPhone,512 GB,Midnight
962,iPhone 15 Pro Max,iPhone,512 GB,Natural Titanium
963,iPhone 15 Pro Max,iPhone,512 GB,Product Red
964,iPhone 15 Pro Max,iPhone,512 GB,Silver
965,iPhone 15 Pro Max,iPhone,512 GB,Starlight
966,iPhone 15 Pro Max,iPhone,512 GB,White Titanium
967,iPhone 15 Pro Max,iPhone,512 GB,Yellow
968,iPhone 15 Pro Max,iPhone,64 GB,Black
969,iPhone 15 Pro Max,iPhone,64 GB,Black Titanium
970,iPhone 15 Pro Max,iPhone,64 GB,Blue Titanium
971,iPhone 15 Pro Max,iPhone,64 GB,Deep Purple
972,iPhone 15 Pro Max,iPhone,64 GB,Green
973,iPhone 15 Pro Max,iPhone,64 GB,Midnight
974,iPhone 15 Pro Max,iPhone,64 GB,Natural Titanium
975,iPhone 15 Pro Max,iPhone,64 GB,Product Red
976,iPhone 15 Pro Max,iPhone,64 GB,Silver
977,iPhone 15 Pro Max,iPhone,64 GB,Starlight
978,iPhone 15 Pro Max,iPhone,64 GB,White Titanium
979,iPhone 15 Pro Max,iPhone,64 GB,Yellow
980,iPhone SE (3rd Gen),iPhone,1 TB,Black
981,iPhone SE (3rd Gen),iPhone,1 TB,Black Titanium
982,iPhone SE (3rd Gen),iPhone,1 TB,Blue Titanium
983,iPhone SE (3rd Gen),iPhone,1 TB,Deep Purple
984,iPhone SE (3rd Gen),iPhone,1 TB,Green
985,iPhone SE (3rd Gen),iPhone,1 TB,Midnight
986,iPhone SE (3rd Gen),iPhone,1 TB,Natural Titanium
987,iPhone SE (3rd Gen),iPhone,1 TB,Product Red
988,iPhone SE (3rd Gen),iPhone,1 TB,Silver
989,iPhone SE (3rd Gen),iPhone,1 TB,Starlight
990,iPhone SE (3rd Gen),iPhone,1 TB,White Titanium
991,iPhone SE (3rd Gen),iPhone,128 GB,Black
992,iPhone SE (3rd Gen),iPhone,128 GB,Black Titanium
993,iPhone SE (3rd Gen),iPhone,128 GB,Blue Titanium
994,iPhone SE (3rd Gen),iPhone,128 GB,Deep Purple
995,iPhone SE (3rd Gen),iPhone,128 GB,Green
996,iPhone SE (3rd Gen),iPhone,128 GB,Midnight
997,iPhone SE (3rd Gen),iPhone,128 GB,Natural Titanium
998,iPhone SE (3rd Gen),iPhone,128 GB,Product Red
999,iPhone SE (3rd Gen),iPhone,128 GB,Silver
1000,iPhone SE (3rd Gen),iPhone,128 GB,Starlight
1001,iPhone SE (3rd Gen),iPhone,128 GB,White Titanium
1002,iPhone SE (3rd Gen),iPhone,128 GB,Yellow
1003,iPhone SE (3rd Gen),iPhone,256 GB,Black
1004,iPhone SE (3rd Gen),iPhone,256 GB,Black Titanium
1005,iPhone SE (3rd Gen),iPhone,256 GB,Blue Titanium
1006,iPhone SE (3rd Gen),iPhone,256 GB,Deep Purple
1007,iPhone SE (3rd Gen),iPhone,256 GB,Green
1008,iPhone SE (3rd Gen),iPhone,256 GB,Midnight
1009,iPhone SE (3rd Gen),iPhone,256 GB,Natural Titanium
1010,iPhone SE (3rd Gen),iPhone,256 GB,Product Red
1011,iPhone SE (3rd Gen),iPhone,256 GB,Silver
1012,iPhone SE (3rd Gen),iPhone,256 GB,Starlight
1013,iPhone SE (3rd Gen),iPhone,256 GB,White Titanium
1014,iPhone SE (3rd Gen),iPhone,256 GB,Yellow
1015,iPhone SE (3rd Gen),iPhone,512 GB,Black
1016,iPhone SE (3rd Gen),iPhone,512 GB,Black Titanium
1017,iPhone SE (3rd Gen),iPhone,512 GB,Blue Titanium
1018,iPhone SE (3rd Gen),iPhone,512 GB,Deep Purple
1019,iPhone SE (3rd Gen),iPhone,512 GB,Green
1020,iPhone SE (3rd Gen),iPhone,512 GB,Midnight
1021,iPhone SE (3rd Gen),iPhone,512 GB,Natural Titanium
1022,iPhone SE (3rd Gen),iPhone,512 GB,Product Red
1023,iPhone SE (3rd Gen),iPhone,512 GB,Silver
1024,iPhone SE (3rd Gen),iPhone,512 GB,Starlight
1025,iPhone SE (3rd Gen),iPhone,512 GB,White Titanium
1026,iPhone SE (3rd Gen),iPhone,512 GB,Yellow
1027,iPhone SE (3rd Gen),iPhone,64 GB,Black
1028,iPhone SE (3rd Gen),iPhone,64 GB,Black Titanium
1029,iPhone SE (3rd Gen),iPhone,64 GB,Blue Titanium
1030,iPhone SE (3rd Gen),iPhone,64 GB,Deep Purple
1031,iPhone SE (3rd Gen),iPhone,64 GB,Green
1032,iPhone SE (3rd Gen),iPhone,64 GB,Midnight
1033,iPhone SE (3rd Gen),iPhone,64 GB,Natural Titanium
1034,iPhone SE (3rd Gen),iPhone,64 GB,Product Red
1035,iPhone SE (3rd Gen),iPhone,64 GB,Silver
1036,iPhone SE (3rd Gen),iPhone,64 GB,Starlight
1037,iPhone SE (3rd Gen),iPhone,64 GB,White Titanium
1038,iPhone SE (3rd Gen),iPhone,64 GB,Yellow
1039,Mac mini (M2),Mac,1 TB SSD,Gold
1040,Mac mini (M2),Mac,1 TB SSD,Midnight
1041,Mac mini (M2),Mac,1 TB SSD,Silver
1042,Mac mini (M2),Mac,1 TB SSD,Space Gray
1043,Mac mini (M2),Mac,1 TB SSD,Starlight
1044,Mac mini (M2),Mac,2 TB SSD,Gold
1045,Mac mini (M2),Mac,2 TB SSD,Midnight
1046,Mac mini (M2),Mac,2 TB SSD,Silver
1047,Mac mini (M2),Mac,2 TB SSD,Space Gray
1048,Mac mini (M2),Mac,2 TB SSD,Starlight
1049,Mac mini (M2),Mac,256 GB SSD,Gold
1050,Mac mini (M2),Mac,256 GB SSD,Midnight
1051,Mac mini (M2),Mac,256 GB SSD,Silver
1052,Mac mini (M2),Mac,256 GB SSD,Space Gray
1053,Mac mini (M2),Mac,256 GB SSD,Starlight
1054,Mac mini (M2),Mac,512 GB SSD,Gold
1055,Mac mini (M2),Mac,512 GB SSD,Midnight
1056,Mac mini (M2),Mac,512 GB SSD,Silver
1057,Mac mini (M2),Mac,512 GB SSD,Space Gray
1058,Mac mini (M2),Mac,512 GB SSD,Starlight
1059,Mac Pro (M2 Ultra),Mac,1 TB SSD,Gold
1060,Mac Pro (M2 Ultra),Mac,1 TB SSD,Midnight
1061,Mac Pro (M2 Ultra),Mac,1 TB SSD,Silver
1062,Mac Pro (M2 Ultra),Mac,1 TB SSD,Space Gray
1063,Mac Pro (M2 Ultra),Mac,1 TB SSD,Starlight
1064,Mac Pro (M2 Ultra),Mac,2 TB SSD,Gold
1065,Mac Pro (M2 Ultra),Mac,2 TB SSD,Midnight
1066,Mac Pro (M2 Ultra),Mac,2 TB SSD,Silver
1067,Mac Pro (M2 Ultra),Mac,2 TB SSD,Space Gray
1068,Mac Pro (M2 Ultra),Mac,2 TB SSD,Starlight
1069,Mac Pro (M2 Ultra),Mac,256 GB SSD,Gold
1070,Mac Pro (M2 Ultra),Mac,256 GB SSD,Midnight
1071,Mac Pro (M2 Ultra),Mac,256 GB SSD,Silver
1072,Mac Pro (M2 Ultra),Mac,256 GB SSD,Space Gray
1073,Mac Pro (M2 Ultra),Mac,256 GB SSD,Starlight
1074,Mac Pro (M2 Ultra),Mac,512 GB SSD,Gold
1075,Mac Pro (M2 Ultra),Mac,512 GB SSD,Midnight
1076,Mac Pro (M2 Ultra),Mac,512 GB SSD,Silver
1077,Mac Pro (M2 Ultra),Mac,512 GB SSD,Space Gray
1078,Mac Pro (M2 Ultra),Mac,512 GB SSD,Starlight
1079,MacBook Air 13-inch (M2),Mac,1 TB SSD,Gold
1080,MacBook Air 13-inch (M2),Mac,1 TB SSD,Midnight
1081,MacBook Air 13-inch (M2),Mac,1 TB SSD,Silver
1082,MacBook Air 13-inch (M2),Mac,1 TB SSD,Space Gray
1083,MacBook Air 13-inch (M2),Mac,1 TB SSD,Starlight
1084,MacBook Air 13-inch (M2),Mac,2 TB SSD,Gold
1085,MacBook Air 13-inch (M2),Mac,2 TB SSD,Midnight
1086,MacBook Air 13-inch (M2),Mac,2 TB SSD,Silver
1087,MacBook Air 13-inch (M2),Mac,2 TB SSD,Space Gray
1088,MacBook Air 13-inch (M2),Mac,2 TB SSD,Starlight
1089,MacBook Air 13-inch (M2),Mac,256 GB SSD,Gold
1090,MacBook Air 13-inch (M2),Mac,256 GB SSD,Midnight
1091,MacBook Air 13-inch (M2),Mac,256 GB SSD,Silver
1092,MacBook Air 13-inch (M2),Mac,256 GB SSD,Space Gray
1093,MacBook Air 13-inch (M2),Mac,256 GB SSD,Starlight
1094,MacBook Air 13-inch (M2),Mac,512 GB SSD,Gold
1095,MacBook Air 13-inch (M2),Mac,512 GB SSD,Midnight
1096,MacBook Air 13-inch (M2),Mac,512 GB SSD,Silver
1097,MacBook Air 13-inch (M2),Mac,512 GB SSD,Space Gray
1098,MacBook Air 13-inch (M2),Mac,512 GB SSD,Starlight
1099,MacBook Air 15-inch (M2),Mac,1 TB SSD,Gold
1100,MacBook Air 15-inch (M2),Mac,1 TB SSD,Midnight
1101,MacBook Air 15-inch (M2),Mac,1 TB SSD,Silver
1102,MacBook Air 15-inch (M2),Mac,1 TB SSD,Space Gray
1103,MacBook Air 15-inch (M2),Mac,1 TB SSD,Starlight
1104,MacBook Air 15-inch (M2),Mac,2 TB SSD,Gold
1105,MacBook Air 15-inch (M2),Mac,2 TB SSD,Midnight
1106,MacBook Air 15-inch (M2),Mac,2 TB SSD,Silver
1107,MacBook Air 15-inch (M2),Mac,2 TB SSD,Space Gray
1108,MacBook Air 15-inch (M2),Mac,2 TB SSD,Starlight
1109,MacBook Air 15-inch (M2),Mac,256 GB SSD,Gold
1110,MacBook Air 15-inch (M2),Mac,256 GB SSD,Midnight
1111,MacBook Air 15-inch (M2),Mac,256 GB SSD,Silver
1112,MacBook Air 15-inch (M2),Mac,256 GB SSD,Space Gray
1113,MacBook Air 15-inch (M2),Mac,256 GB SSD,Starlight
1114,MacBook Air 15-inch (M2),Mac,512 GB SSD,Gold
1115,MacBook Air 15-inch (M2),Mac,512 GB SSD,Midnight
1116,MacBook Air 15-inch (M2),Mac,512 GB SSD,Silver
1117,MacBook Air 15-inch (M2),Mac,512 GB SSD,Space Gray
1118,MacBook Air 15-inch (M2),Mac,512 GB SSD,Starlight
1119,MacBook Pro 14-inch (M3),Mac,1 TB SSD,Gold
1120,MacBook Pro 14-inch (M3),Mac,1 TB SSD,Midnight
1121,MacBook Pro 14-inch (M3),Mac,1 TB SSD,Silver
1122,MacBook Pro 14-inch (M3),Mac,1 TB SSD,Space Gray
1123,MacBook Pro 14-inch (M3),Mac,1 TB SSD,Starlight
1124,MacBook Pro 14-inch (M3),Mac,2 TB SSD,Gold
1125,MacBook Pro 14-inch (M3),Mac,2 TB SSD,Midnight
1126,MacBook Pro 14-inch (M3),Mac,2 TB SSD,Silver
1127,MacBook Pro 14-inch (M3),Mac,2 TB SSD,Space Gray
1128,MacBook Pro 14-inch (M3),Mac,2 TB SSD,Starlight
1129,MacBook Pro 14-inch (M3),Mac,256 GB SSD,Gold
1130,MacBook Pro 14-inch (M3),Mac,256 GB SSD,Midnight
1131,MacBook Pro 14-inch (M3),Mac,256 GB SSD,Silver
1132,MacBook Pro 14-inch (M3),Mac,256 GB SSD,Space Gray
1133,MacBook Pro 14-inch (M3),Mac,256 GB SSD,Starlight
1134,MacBook Pro 14-inch (M3),Mac,512 GB SSD,Gold
1135,MacBook Pro 14-inch (M3),Mac,512 GB SSD,Midnight
1136,MacBook Pro 14-inch (M3),Mac,512 GB SSD,Silver
1137,MacBook Pro 14-inch (M3),Mac,512 GB SSD,Space Gray
1138,MacBook Pro 14-inch (M3),Mac,512 GB SSD,Starlight
1139,MacBook Pro 16-inch (M3 Pro),Mac,1 TB SSD,Gold
1140,MacBook Pro 16-inch (M3 Pro),Mac,1 TB SSD,Midnight
1141,MacBook Pro 16-inch (M3 Pro),Mac,1 TB SSD,Silver
1142,MacBook Pro 16-inch (M3 Pro),Mac,1 TB SSD,Space Gray
1143,MacBook Pro 16-inch (M3 Pro),Mac,1 TB SSD,Starlight
1144,MacBook Pro 16-inch (M3 Pro),Mac,2 TB SSD,Gold
1145,MacBook Pro 16-inch (M3 Pro),Mac,2 TB SSD,Midnight
1146,MacBook Pro 16-inch (M3 Pro),Mac,2 TB SSD,Silver
1147,MacBook Pro 16-inch (M3 Pro),Mac,2 TB SSD,Space Gray
1148,MacBook Pro 16-inch (M3 Pro),Mac,2 TB SSD,Starlight
1149,MacBook Pro 16-inch (M3 Pro),Mac,256 GB SSD,Gold
1150,MacBook Pro 16-inch (M3 Pro),Mac,256 GB SSD,Midnight
1151,MacBook Pro 16-inch (M3 Pro),Mac,256 GB SSD,Silver
1152,MacBook Pro 16-inch (M3 Pro),Mac,256 GB SSD,Space Gray
1153,MacBook Pro 16-inch (M3 Pro),Mac,256 GB SSD,Starlight
1154,MacBook Pro 16-inch (M3 Pro),Mac,512 GB SSD,Gold
1155,MacBook Pro 16-inch (M3 Pro),Mac,512 GB SSD,Midnight
1156,MacBook Pro 16-inch (M3 Pro),Mac,512 GB SSD,Silver
1157,MacBook Pro 16-inch (M3 Pro),Mac,512 GB SSD,Space Gray
1158,MacBook Pro 16-inch (M3 Pro),Mac,512 GB SSD,Starlight
1159,Magic Keyboard,Accessories,No Storage,Black
1160,Magic Keyboard,Accessories,No Storage,Silver
1161,Magic Keyboard,Accessories,No Storage,Space Gray
1162,Magic Keyboard,Accessories,No Storage,White
1163,Magic Mouse,Accessories,No Storage,Black
1164,Magic Mouse,Accessories,No Storage,Silver
1165,Magic Mouse,Accessories,No Storage,Space Gray
1166,Magic Mouse,Accessories,No Storage,White
1167,Magic Trackpad,Accessories,No Storage,Black
1168,Magic Trackpad,Accessories,No Storage,Silver
1169,Magic Trackpad,Accessories,No Storage,Space Gray
1170,Magic Trackpad,Accessories,No Storage,White
1171,MagSafe Charger,Accessories,No Storage,Black
1172,MagSafe Charger,Accessories,No Storage,Silver
1173,MagSafe Charger,Accessories,No Storage,Space Gray
1174,MagSafe Charger,Accessories,No Storage,White
1175,USB-C Woven Charge Cable,Accessories,No Storage,Black
1176,USB-C Woven Charge Cable,Accessories,No Storage,Silver
1177,USB-C Woven Charge Cable,Accessories,No Storage,Space Gray
1178,USB-C Woven Charge Cable,Accessories,No Storage,White